date,title,url
 2022.01.27 (목) 11:46,근데 궁금한게 박근혜는 경제공동체라고 유죄받았잖어?,https://www.bobaedream.co.kr/view?code=politic&No=528714
 2022.01.27 (목) 12:01,집권5년,https://www.bobaedream.co.kr/view?code=politic&No=528719
 2022.01.27 (목) 11:56,"진보,중도,보수는 없다(4)-철창에 갇혀 싸우는 원숭이들",https://www.bobaedream.co.kr/view?code=politic&No=528717
 2022.01.27 (목) 11:59,윤석열이 10% 쯤 뒤져도 당선되는 이유,https://www.bobaedream.co.kr/view?code=politic&No=528718
 2022.01.27 (목) 11:52,백신패스?,https://www.bobaedream.co.kr/view?code=politic&No=528715
 2022.01.27 (목) 12:02,제대로된 역사적인 대통령의 탄생!!,https://www.bobaedream.co.kr/view?code=politic&No=528720
 2022.01.27 (목) 12:05,굿짐당 이거 진짜야?,https://www.bobaedream.co.kr/view?code=politic&No=528723
 2022.01.27 (목) 12:08,지금 이재명지지하는 국민,https://www.bobaedream.co.kr/view?code=politic&No=528725
 2022.01.27 (목) 12:07,근데 어차피 이재명이 이길건데 ㅋㅋㅋㅋㅋㅋㅋㅋㅋㅋㅋㅋㅋㅋ,https://www.bobaedream.co.kr/view?code=politic&No=528724
 2022.01.27 (목) 12:12,엮이면 결국,https://www.bobaedream.co.kr/view?code=politic&No=528726
 2022.01.27 (목) 12:14,부모 잘못만나,https://www.bobaedream.co.kr/view?code=politic&No=528729
 2022.01.27 (목) 11:53,제목없음  제목없음  제목없음  제목없음  제목없음,https://www.bobaedream.co.kr/view?code=politic&No=528716
 2022.01.27 (목) 12:13,열시미 일할게요,https://www.bobaedream.co.kr/view?code=politic&No=528728
 2022.01.27 (목) 12:13,정경심...대법원 확정 결과....즈음,https://www.bobaedream.co.kr/view?code=politic&No=528727
 2022.01.27 (목) 13:32,"이재명후보를 지지할, 또 하나의 이유가 생겼네요 !",https://www.bobaedream.co.kr/view?code=politic&No=528780
 2022.01.27 (목) 12:17,정경심 형수님은 억울함니다.,https://www.bobaedream.co.kr/view?code=politic&No=528730
 2022.01.27 (목) 13:37,"대법, '7대 스펙' 모두 허위 인정.. 조국 재판 영향 촉각",https://www.bobaedream.co.kr/view?code=politic&No=528782
 2022.01.27 (목) 13:47,윤석열이 4자토론 안하려는 이유,https://www.bobaedream.co.kr/view?code=politic&No=528787
 2022.01.27 (목) 13:38,인정할건 하자 이태원클라스법 인정,https://www.bobaedream.co.kr/view?code=politic&No=528783
 2022.01.27 (목) 12:02,우리는 지금 일제강점기에 살고있다.,https://www.bobaedream.co.kr/view?code=politic&No=528721
 2022.01.27 (목) 13:46,정치게시판 점령 당했어요?,https://www.bobaedream.co.kr/view?code=politic&No=528785
 2022.01.27 (목) 13:36,이제 서서히 바뀌나보네요,https://www.bobaedream.co.kr/view?code=politic&No=528781
 2022.01.27 (목) 13:46,국힘당 이수정 재영입,https://www.bobaedream.co.kr/view?code=politic&No=528784
 2022.01.27 (목) 13:47,끄으끄야~ 3자뇌물공여죄 ㅋㅋ,https://www.bobaedream.co.kr/view?code=politic&No=528786
 2022.01.27 (목) 13:54,공약 안지키면 형사처벌 예우박탈 하는 법 만들어야 합니다.,https://www.bobaedream.co.kr/view?code=politic&No=528791
 2022.01.27 (목) 13:51,윤지지자 님들 궁금한거 있는데요,https://www.bobaedream.co.kr/view?code=politic&No=528789
 2022.01.27 (목) 13:55,동양대 pcㅋㅋ,https://www.bobaedream.co.kr/view?code=politic&No=528792
 2022.01.27 (목) 13:50,박영선 따라가는 이재명,https://www.bobaedream.co.kr/view?code=politic&No=528788
 2022.01.27 (목) 13:55,이재명 35% 윤석열 34%…정권심판 45% 국정안정 41% [NBS],https://www.bobaedream.co.kr/view?code=politic&No=528793
 2022.01.27 (목) 13:53,촉법소년공약  좋아요^^,https://www.bobaedream.co.kr/view?code=politic&No=528790
 2022.01.27 (목) 13:58,아 ㅋㅋㅋㅋㅋㅋㅋㅋ,https://www.bobaedream.co.kr/view?code=politic&No=528795
 2022.01.27 (목) 14:02,이제는 진실을 알아야 한다.,https://www.bobaedream.co.kr/view?code=politic&No=528798
 2022.01.27 (목) 13:58,민주당 대권풀중에서 의외로 토론 잘했을거같은주자. jpg,https://www.bobaedream.co.kr/view?code=politic&No=528796
 2022.01.27 (목) 13:56,"이재명, 최저임금도 文정부 '비판'..""인상률, 朴정부에도 못 미쳐""",https://www.bobaedream.co.kr/view?code=politic&No=528794
 2022.01.27 (목) 13:58,사람들이 보는 윤석열 그림,https://www.bobaedream.co.kr/view?code=politic&No=528797
 2022.01.27 (목) 14:07,블라인드는 일베/벌레 소굴이 되었나요?,https://www.bobaedream.co.kr/view?code=politic&No=528800
 2022.01.27 (목) 14:20,벌래들 웃긴게,https://www.bobaedream.co.kr/view?code=politic&No=528807
 2022.01.27 (목) 14:20,"건강한 대통령,만능스포츠맨을 소개합니다",https://www.bobaedream.co.kr/view?code=politic&No=528806
 2022.01.27 (목) 14:20,오늘 눈팅하다 보니 눈에 들어오는 부분이 있네,https://www.bobaedream.co.kr/view?code=politic&No=528808
 2022.01.27 (목) 14:17,매국노들 클릭 금지,https://www.bobaedream.co.kr/view?code=politic&No=528805
 2022.01.27 (목) 14:23,끄으끄 빤스런? 닭그네 뇌물죄 인정? ㅋㅋ,https://www.bobaedream.co.kr/view?code=politic&No=528810
 2022.01.27 (목) 14:14,갓재명 공약,https://www.bobaedream.co.kr/view?code=politic&No=528804
 2022.01.27 (목) 14:13,아들은 도박만했다고한다.. 성매매는 하지 않았다고 한다..진짜?,https://www.bobaedream.co.kr/view?code=politic&No=528803
 2022.01.22 (토) 12:32,그분이 안되는 이유,https://www.bobaedream.co.kr/view?code=politic&No=526583
 2022.01.24 (월) 09:24,박영선의 동문서답~한심하다는.,https://www.bobaedream.co.kr/view?code=politic&No=527175
 2022.01.27 (목) 12:36,지지율에 대한 태세전환 킄ㅋ,https://www.bobaedream.co.kr/view?code=politic&No=528745
 2022.01.27 (목) 14:22,"국민의당·정의당 “尹, 토론 두려우면 링에 올라오지 말라”",https://www.bobaedream.co.kr/view?code=politic&No=528809
 2022.01.20 (목) 04:19,"(삭제 재업)안녕하세요, 홍가혜 입니다.",https://www.bobaedream.co.kr/view?code=politic&No=525624
 2022.01.27 (목) 14:08,자칭이 얘기 아님ㅋ,https://www.bobaedream.co.kr/view?code=politic&No=528802
 2022.01.27 (목) 14:02,민주당 내로남불,https://www.bobaedream.co.kr/view?code=politic&No=528799
 2022.01.27 (목) 12:42,근데  정상적인 사람들이라면,https://www.bobaedream.co.kr/view?code=politic&No=528750
 2022.01.27 (목) 12:42,고민중인 면바기 ㅋㅋㅋㅋㅋㅋㅋㅋㅋㅋㅋㅋㅋㅋㅋㅋㅋㅋㅋ,https://www.bobaedream.co.kr/view?code=politic&No=528751
 2022.01.27 (목) 12:46,오세훈의 블랙리스트,https://www.bobaedream.co.kr/view?code=politic&No=528753
 2022.01.27 (목) 12:47,ㅋㅋ 좌파 진보님들,https://www.bobaedream.co.kr/view?code=politic&No=528754
 2022.01.27 (목) 12:47,정경심 징역 4년 확정에 與 “당 입장 없다”,https://www.bobaedream.co.kr/view?code=politic&No=528755
 2022.01.27 (목) 12:48,입법부 정신 차리기를 ~~~!,https://www.bobaedream.co.kr/view?code=politic&No=528756
 2022.01.27 (목) 12:40,이재명 후보가 국민께 보내는 영상편지,https://www.bobaedream.co.kr/view?code=politic&No=528748
 2022.01.27 (목) 12:42,너 일베충거리는게  필살기라니 실망인데,https://www.bobaedream.co.kr/view?code=politic&No=528749
 2022.01.26 (수) 12:50,이재명과 민주당의 알맹이 없는 사과!!,https://www.bobaedream.co.kr/view?code=politic&No=528282
 2022.01.27 (목) 12:53,윤돌 장모년 무죄?? 와 ㅋㅋㅋㅋ 무죄란다,https://www.bobaedream.co.kr/view?code=politic&No=528760
 2022.01.27 (목) 12:54,조민 ‘7대 허위스펙’ 1·2·3심 재판부 판단. 그래픽,https://www.bobaedream.co.kr/view?code=politic&No=528761
 2022.01.27 (목) 12:54,김건희 목덜미남도 도사..??,https://www.bobaedream.co.kr/view?code=politic&No=528762
 2022.01.20 (목) 16:27,이재명 대선후보 노릇하는 거 참 창피하겠다.,https://www.bobaedream.co.kr/view?code=politic&No=525848
 2022.01.27 (목) 12:55,DJ 뒷조사 관여 의혹' 이현동 전 국세청장 무죄 확정,https://www.bobaedream.co.kr/view?code=politic&No=528763
 2022.01.27 (목) 12:55,꽈배기야 ㅋㅋ 역시 좌파에겐 관대하고 우파에겐 칼같네?,https://www.bobaedream.co.kr/view?code=politic&No=528764
 2022.01.27 (목) 12:58,검찰도 사법부도 결국 한패 ㅅㅂ,https://www.bobaedream.co.kr/view?code=politic&No=528765
 2022.01.27 (목) 12:51,만약,https://www.bobaedream.co.kr/view?code=politic&No=528759
 2022.01.27 (목) 13:01,ㅇㅇ 현재 민심,https://www.bobaedream.co.kr/view?code=politic&No=528768
 2022.01.27 (목) 13:00,조국장관은 끝까지 투쟁할겁니다,https://www.bobaedream.co.kr/view?code=politic&No=528767
 2022.01.27 (목) 12:51,내이럴줄알앗다ㅋㅋㅋ,https://www.bobaedream.co.kr/view?code=politic&No=528758
 2022.01.27 (목) 12:38,사람들이 정경심 판결에는 관심.. 김건희 범죄에는 무관심.ㅋ,https://www.bobaedream.co.kr/view?code=politic&No=528747
 2022.01.27 (목) 13:22,촉법소년법(이태원클라스법),https://www.bobaedream.co.kr/view?code=politic&No=528775
 2022.01.27 (목) 13:23,중국 조선족...,https://www.bobaedream.co.kr/view?code=politic&No=528776
 2022.01.27 (목) 12:50,우리 영부인님 패션은 반박불가,https://www.bobaedream.co.kr/view?code=politic&No=528757
 2022.01.27 (목) 13:15,북한아 미사일 제발 그만좀 쏴라,https://www.bobaedream.co.kr/view?code=politic&No=528771
 2022.01.27 (목) 12:20,검사가 아닌 죄,https://www.bobaedream.co.kr/view?code=politic&No=528731
 2022.01.27 (목) 13:21,대통령 내외분 입장하십니다.,https://www.bobaedream.co.kr/view?code=politic&No=528774
 2022.01.27 (목) 13:20,윤석열이 당선되지는 않겠죠?,https://www.bobaedream.co.kr/view?code=politic&No=528773
 2022.01.27 (목) 12:21,끄으끄야 경제공동체라서 유죄 받았니?,https://www.bobaedream.co.kr/view?code=politic&No=528734
 2022.01.27 (목) 12:58,조구기,https://www.bobaedream.co.kr/view?code=politic&No=528766
 2022.01.27 (목) 13:28,윤석열 김건희의 무속논란에 침묵하는 보수기독교는 회개하라.,https://www.bobaedream.co.kr/view?code=politic&No=528777
 2022.01.27 (목) 13:31,공정한 판결?,https://www.bobaedream.co.kr/view?code=politic&No=528779
 2022.01.27 (목) 12:37,김용민의 사고방식,https://www.bobaedream.co.kr/view?code=politic&No=528746
 2022.01.27 (목) 12:27,● 이제 남은건 조민 의사면허취소와 조국 재판이겠죠 ●,https://www.bobaedream.co.kr/view?code=politic&No=528739
 2022.01.27 (목) 12:20,더민당 후보교체 안하면 이번 대선은 윤석열이 될 듯,https://www.bobaedream.co.kr/view?code=politic&No=528733
 2022.01.27 (목) 12:27,조국의 적은 민주당이야,https://www.bobaedream.co.kr/view?code=politic&No=528740
 2022.01.27 (목) 12:24,"대법, ‘7대 스펙’ 모두 허위 인정… 조국 재판 영향 촉각",https://www.bobaedream.co.kr/view?code=politic&No=528737
 2022.01.27 (목) 12:23,문통 업적 개인적 생각 !!!!,https://www.bobaedream.co.kr/view?code=politic&No=528735
 2022.01.27 (목) 12:36,머리나빠 주식물려서 징징대는 벌레는 없지??,https://www.bobaedream.co.kr/view?code=politic&No=528744
 2022.01.27 (목) 12:36,이 기사 사실인가요?? ㄷㄷ,https://www.bobaedream.co.kr/view?code=politic&No=528743
 2022.01.27 (목) 12:23,● 대법원 확정 속이 시원하네요 ●,https://www.bobaedream.co.kr/view?code=politic&No=528736
 2022.01.27 (목) 12:29,보배회원님들 대신해 새해인사드려요,https://www.bobaedream.co.kr/view?code=politic&No=528742
 2022.01.27 (목) 12:28,44 대 35 이정도면 완전 대세론 아님??,https://www.bobaedream.co.kr/view?code=politic&No=528741
 2022.01.27 (목) 12:26,"""증거능력 인정 안 된다""던 조국 1심 재판부 변경될 가능성",https://www.bobaedream.co.kr/view?code=politic&No=528738
 2022.01.27 (목) 12:20,찢고 쑤시고 강금하고,https://www.bobaedream.co.kr/view?code=politic&No=528732
