title,url
촉법소년법(이태원클라스법),https://www.bobaedream.co.kr/view?code=politic&No=528775
이제 서서히 바뀌나보네요,https://www.bobaedream.co.kr/view?code=politic&No=528781
"(삭제 재업)안녕하세요, 홍가혜 입니다.",https://www.bobaedream.co.kr/view?code=politic&No=525624
그분이 안되는 이유,https://www.bobaedream.co.kr/view?code=politic&No=526583
인정할건 하자 이태원클라스법 인정,https://www.bobaedream.co.kr/view?code=politic&No=528783
국힘당 이수정 재영입,https://www.bobaedream.co.kr/view?code=politic&No=528784
공정한 판결?,https://www.bobaedream.co.kr/view?code=politic&No=528779
정치게시판 점령 당했어요?,https://www.bobaedream.co.kr/view?code=politic&No=528785
끄으끄야~ 3자뇌물공여죄 ㅋㅋ,https://www.bobaedream.co.kr/view?code=politic&No=528786
윤석열이 4자토론 안하려는 이유,https://www.bobaedream.co.kr/view?code=politic&No=528787
44 대 35 이정도면 완전 대세론 아님??,https://www.bobaedream.co.kr/view?code=politic&No=528741
"대법, '7대 스펙' 모두 허위 인정.. 조국 재판 영향 촉각",https://www.bobaedream.co.kr/view?code=politic&No=528782
보배회원님들 대신해 새해인사드려요,https://www.bobaedream.co.kr/view?code=politic&No=528742
"이재명후보를 지지할, 또 하나의 이유가 생겼네요 !",https://www.bobaedream.co.kr/view?code=politic&No=528780
이 기사 사실인가요?? ㄷㄷ,https://www.bobaedream.co.kr/view?code=politic&No=528743
윤지지자 님들 궁금한거 있는데요,https://www.bobaedream.co.kr/view?code=politic&No=528789
중국 조선족...,https://www.bobaedream.co.kr/view?code=politic&No=528776
윤석열 김건희의 무속논란에 침묵하는 보수기독교는 회개하라.,https://www.bobaedream.co.kr/view?code=politic&No=528777
지지율에 대한 태세전환 킄ㅋ,https://www.bobaedream.co.kr/view?code=politic&No=528745
머리나빠 주식물려서 징징대는 벌레는 없지??,https://www.bobaedream.co.kr/view?code=politic&No=528744
너 일베충거리는게  필살기라니 실망인데,https://www.bobaedream.co.kr/view?code=politic&No=528749
사람들이 정경심 판결에는 관심.. 김건희 범죄에는 무관심.ㅋ,https://www.bobaedream.co.kr/view?code=politic&No=528747
김용민의 사고방식,https://www.bobaedream.co.kr/view?code=politic&No=528746
이재명 후보가 국민께 보내는 영상편지,https://www.bobaedream.co.kr/view?code=politic&No=528748
오세훈의 블랙리스트,https://www.bobaedream.co.kr/view?code=politic&No=528753
근데  정상적인 사람들이라면,https://www.bobaedream.co.kr/view?code=politic&No=528750
정경심 징역 4년 확정에 與 “당 입장 없다”,https://www.bobaedream.co.kr/view?code=politic&No=528755
박영선 따라가는 이재명,https://www.bobaedream.co.kr/view?code=politic&No=528788
우리 영부인님 패션은 반박불가,https://www.bobaedream.co.kr/view?code=politic&No=528757
만약,https://www.bobaedream.co.kr/view?code=politic&No=528759
ㅋㅋ 좌파 진보님들,https://www.bobaedream.co.kr/view?code=politic&No=528754
내이럴줄알앗다ㅋㅋㅋ,https://www.bobaedream.co.kr/view?code=politic&No=528758
고민중인 면바기 ㅋㅋㅋㅋㅋㅋㅋㅋㅋㅋㅋㅋㅋㅋㅋㅋㅋㅋㅋ,https://www.bobaedream.co.kr/view?code=politic&No=528751
입법부 정신 차리기를 ~~~!,https://www.bobaedream.co.kr/view?code=politic&No=528756
김건희 목덜미남도 도사..??,https://www.bobaedream.co.kr/view?code=politic&No=528762
조구기,https://www.bobaedream.co.kr/view?code=politic&No=528766
북한아 미사일 제발 그만좀 쏴라,https://www.bobaedream.co.kr/view?code=politic&No=528771
꽈배기야 ㅋㅋ 역시 좌파에겐 관대하고 우파에겐 칼같네?,https://www.bobaedream.co.kr/view?code=politic&No=528764
윤석열이 당선되지는 않겠죠?,https://www.bobaedream.co.kr/view?code=politic&No=528773
대통령 내외분 입장하십니다.,https://www.bobaedream.co.kr/view?code=politic&No=528774
이제 분노를 표출 할때.,https://www.bobaedream.co.kr/view?code=politic&No=528710
윤돌 장모년 무죄?? 와 ㅋㅋㅋㅋ 무죄란다,https://www.bobaedream.co.kr/view?code=politic&No=528760
조민 ‘7대 허위스펙’ 1·2·3심 재판부 판단. 그래픽,https://www.bobaedream.co.kr/view?code=politic&No=528761
ㅇㅇ 현재 민심,https://www.bobaedream.co.kr/view?code=politic&No=528768
DJ 뒷조사 관여 의혹' 이현동 전 국세청장 무죄 확정,https://www.bobaedream.co.kr/view?code=politic&No=528763
검찰도 사법부도 결국 한패 ㅅㅂ,https://www.bobaedream.co.kr/view?code=politic&No=528765
조국장관은 끝까지 투쟁할겁니다,https://www.bobaedream.co.kr/view?code=politic&No=528767
"5년간 국민 1인당 2,000만원씩 주고 떠나는 문재인",https://www.bobaedream.co.kr/view?code=politic&No=528711
윤석열이 10% 쯤 뒤져도 당선되는 이유,https://www.bobaedream.co.kr/view?code=politic&No=528718
벌레들아 니들은 주식 안하냐?,https://www.bobaedream.co.kr/view?code=politic&No=528713
제대로된 역사적인 대통령의 탄생!!,https://www.bobaedream.co.kr/view?code=politic&No=528720
집권5년,https://www.bobaedream.co.kr/view?code=politic&No=528719
백신패스?,https://www.bobaedream.co.kr/view?code=politic&No=528715
"진보,중도,보수는 없다(4)-철창에 갇혀 싸우는 원숭이들",https://www.bobaedream.co.kr/view?code=politic&No=528717
지금 이재명지지하는 국민,https://www.bobaedream.co.kr/view?code=politic&No=528725
근데 궁금한게 박근혜는 경제공동체라고 유죄받았잖어?,https://www.bobaedream.co.kr/view?code=politic&No=528714
굿짐당 이거 진짜야?,https://www.bobaedream.co.kr/view?code=politic&No=528723
정경심...대법원 확정 결과....즈음,https://www.bobaedream.co.kr/view?code=politic&No=528727
엮이면 결국,https://www.bobaedream.co.kr/view?code=politic&No=528726
제목없음  제목없음  제목없음  제목없음  제목없음,https://www.bobaedream.co.kr/view?code=politic&No=528716
검사가 아닌 죄,https://www.bobaedream.co.kr/view?code=politic&No=528731
우리는 지금 일제강점기에 살고있다.,https://www.bobaedream.co.kr/view?code=politic&No=528721
찢고 쑤시고 강금하고,https://www.bobaedream.co.kr/view?code=politic&No=528732
끄으끄야 경제공동체라서 유죄 받았니?,https://www.bobaedream.co.kr/view?code=politic&No=528734
문통 업적 개인적 생각 !!!!,https://www.bobaedream.co.kr/view?code=politic&No=528735
● 대법원 확정 속이 시원하네요 ●,https://www.bobaedream.co.kr/view?code=politic&No=528736
더민당 후보교체 안하면 이번 대선은 윤석열이 될 듯,https://www.bobaedream.co.kr/view?code=politic&No=528733
"대법, ‘7대 스펙’ 모두 허위 인정… 조국 재판 영향 촉각",https://www.bobaedream.co.kr/view?code=politic&No=528737
정경심 형수님은 억울함니다.,https://www.bobaedream.co.kr/view?code=politic&No=528730
● 이제 남은건 조민 의사면허취소와 조국 재판이겠죠 ●,https://www.bobaedream.co.kr/view?code=politic&No=528739
부모 잘못만나,https://www.bobaedream.co.kr/view?code=politic&No=528729
근데 어차피 이재명이 이길건데 ㅋㅋㅋㅋㅋㅋㅋㅋㅋㅋㅋㅋㅋㅋ,https://www.bobaedream.co.kr/view?code=politic&No=528724
공약 안지키면 형사처벌 예우박탈 하는 법 만들어야 합니다.,https://www.bobaedream.co.kr/view?code=politic&No=528791
촉법소년공약  좋아요^^,https://www.bobaedream.co.kr/view?code=politic&No=528790
"이재명, 최저임금도 文정부 '비판'..""인상률, 朴정부에도 못 미쳐""",https://www.bobaedream.co.kr/view?code=politic&No=528794
아 ㅋㅋㅋㅋㅋㅋㅋㅋ,https://www.bobaedream.co.kr/view?code=politic&No=528795
동양대 pcㅋㅋ,https://www.bobaedream.co.kr/view?code=politic&No=528792
역시 청와대 드림팀이네요,https://www.bobaedream.co.kr/view?code=politic&No=528712
이제는 진실을 알아야 한다.,https://www.bobaedream.co.kr/view?code=politic&No=528798
열시미 일할게요,https://www.bobaedream.co.kr/view?code=politic&No=528728
사람들이 보는 윤석열 그림,https://www.bobaedream.co.kr/view?code=politic&No=528797
민주당 대권풀중에서 의외로 토론 잘했을거같은주자. jpg,https://www.bobaedream.co.kr/view?code=politic&No=528796
민주당 내로남불,https://www.bobaedream.co.kr/view?code=politic&No=528799
자칭이 얘기 아님ㅋ,https://www.bobaedream.co.kr/view?code=politic&No=528802
"""증거능력 인정 안 된다""던 조국 1심 재판부 변경될 가능성",https://www.bobaedream.co.kr/view?code=politic&No=528738
매국노들 클릭 금지,https://www.bobaedream.co.kr/view?code=politic&No=528805
아들은 도박만했다고한다.. 성매매는 하지 않았다고 한다..진짜?,https://www.bobaedream.co.kr/view?code=politic&No=528803
이재명 대선후보 노릇하는 거 참 창피하겠다.,https://www.bobaedream.co.kr/view?code=politic&No=525848
박영선의 동문서답~한심하다는.,https://www.bobaedream.co.kr/view?code=politic&No=527175
조국의 적은 민주당이야,https://www.bobaedream.co.kr/view?code=politic&No=528740
이재명과 민주당의 알맹이 없는 사과!!,https://www.bobaedream.co.kr/view?code=politic&No=528282
갓재명 공약,https://www.bobaedream.co.kr/view?code=politic&No=528804
이재명 35% 윤석열 34%…정권심판 45% 국정안정 41% [NBS],https://www.bobaedream.co.kr/view?code=politic&No=528793
블라인드는 일베/벌레 소굴이 되었나요?,https://www.bobaedream.co.kr/view?code=politic&No=528800
